map,global_alg,local_alg,obstacles,success,path_length,direction_changes,global_time,total_time,steps,error
1,grid_bfs,reactive_bfs,0,True,482,141,0.1021256812964566,6.160716533660889,479,
1,grid_bfs,reactive_dfs,0,False,0,0,0.04669022560119629,25.43079447746277,2000,"Failed to reach goal (reached 1/10 waypoints, dist=118)"
1,grid_bfs,potential_field,0,True,444,44,0.0685678340960294,5.688188076019287,442,
1,grid_bfs,greedy,0,False,0,0,0.04633045196533203,25.377578735351562,2000,"Failed to reach goal (reached 1/10 waypoints, dist=147)"
1,grid_bfs,dwa,0,True,370,70,0.10166207276051864,4.750831365585327,367,
1,grid_dfs,reactive_bfs,0,True,824,248,0.043359384522773325,10.438796520233154,822,
1,grid_dfs,reactive_dfs,0,False,0,0,0.04132723808288574,24.961928844451904,2000,"Failed to reach goal (reached 1/23 waypoints, dist=118)"
1,grid_dfs,potential_field,0,False,0,0,0.04564809345174581,5.066335678100586,402,"Failed to reach goal (reached 0/1 waypoints, dist=86)"
1,grid_dfs,greedy,0,False,0,0,0.03192639350891113,24.782307624816895,2000,"Failed to reach goal (reached 1/23 waypoints, dist=103)"
1,grid_dfs,dwa,0,False,0,0,0.12797943846089765,10.208707571029663,812,"Failed to reach goal (reached 0/10 waypoints, dist=44)"
1,astar,reactive_bfs,0,True,432,112,0.057450294494628906,5.364151477813721,431,
1,astar,reactive_dfs,0,False,0,0,0.0666353702545166,24.7692129611969,2000,"Failed to reach goal (reached 1/12 waypoints, dist=118)"
1,astar,potential_field,0,True,418,50,0.05686593055725098,5.209324359893799,417,
1,astar,greedy,0,True,427,56,0.056856393814086914,5.277814626693726,426,
1,astar,dwa,0,True,331,64,0.056900978088378906,4.096904516220093,330,
1,dijkstra,reactive_bfs,0,True,482,120,20.747266426857095,19.89286708831787,479,
1,dijkstra,reactive_dfs,0,False,0,0,6.945849895477295,24.93945598602295,2000,"Failed to reach goal (reached 1/10 waypoints, dist=118)"
1,dijkstra,potential_field,0,True,444,44,13.179350565653294,11.84676480293274,442,
1,dijkstra,greedy,0,False,0,0,6.892075538635254,24.77363419532776,2000,"Failed to reach goal (reached 1/10 waypoints, dist=147)"
1,dijkstra,dwa,0,True,370,70,20.781623556744307,18.547215461730957,367,
1,grid_bfs,reactive_bfs,50,True,501,177,0.09979211137397215,6.345855951309204,498,
1,grid_bfs,reactive_dfs,50,False,0,0,0.04520893096923828,25.095064163208008,2000,"Failed to reach goal (reached 1/10 waypoints, dist=120)"
1,grid_bfs,potential_field,50,True,472,63,0.10366189887281507,5.969900369644165,469,
1,grid_bfs,greedy,50,False,0,0,0.04539823532104492,24.924360752105713,2000,"Failed to reach goal (reached 1/10 waypoints, dist=147)"
1,grid_bfs,dwa,50,True,370,85,0.08157505677081645,4.654081106185913,368,
1,grid_dfs,reactive_bfs,50,True,747,256,0.03126716613769531,9.379889488220215,746,
1,grid_dfs,reactive_dfs,50,False,0,0,0.03125905990600586,24.97844910621643,2000,"Failed to reach goal (reached 1/23 waypoints, dist=120)"
1,grid_dfs,potential_field,50,False,0,0,0.055361369682941586,5.228853225708008,409,"Failed to reach goal (reached 0/1 waypoints, dist=86)"
1,grid_dfs,greedy,50,False,0,0,0.03127336502075195,100.00003814697266,1118,"Failed to reach goal (reached 23/23 waypoints, dist=103)"
1,grid_dfs,dwa,50,False,0,0,0.04224115965189412,100.00001430511475,453,"Failed to reach goal (reached 17/17 waypoints, dist=44)"
1,astar,reactive_bfs,50,True,463,147,0.05708742141723633,5.809263467788696,462,
1,astar,reactive_dfs,50,False,0,0,0.056853532791137695,25.016155004501343,2000,"Failed to reach goal (reached 1/12 waypoints, dist=118)"
1,astar,potential_field,50,True,432,61,0.05675482749938965,5.429096221923828,431,
1,astar,greedy,50,True,433,65,0.05671048164367676,5.402181386947632,432,
1,astar,dwa,50,True,333,66,0.05657815933227539,4.159030199050903,332,
1,dijkstra,reactive_bfs,50,True,489,136,20.71661213587504,20.036851167678833,486,
1,dijkstra,reactive_dfs,50,False,0,0,6.947620630264282,24.941287755966187,2000,"Failed to reach goal (reached 1/10 waypoints, dist=120)"
1,dijkstra,potential_field,50,True,446,46,13.267765371187124,11.964125871658325,444,
1,dijkstra,greedy,50,True,1967,1582,6.997395038604736,24.576557159423828,1966,
1,dijkstra,dwa,50,True,373,84,21.069684250920545,18.73229479789734,370,
1,grid_bfs,reactive_bfs,100,False,0,0,0.07328892074292526,100.00003170967102,92,"Failed to reach goal (reached 11/11 waypoints, dist=160)"
1,grid_bfs,reactive_dfs,100,False,0,0,0.0544431209564209,100.00000953674316,122,"Failed to reach goal (reached 10/10 waypoints, dist=121)"
1,grid_bfs,potential_field,100,True,467,54,0.06780332798371091,5.958752632141113,465,
1,grid_bfs,greedy,100,False,0,0,0.04537796974182129,100.00004959106445,212,"Failed to reach goal (reached 10/10 waypoints, dist=148)"
1,grid_bfs,dwa,100,True,401,90,0.09974041703389958,5.12024998664856,398,
1,grid_dfs,reactive_bfs,100,True,942,358,0.04228139610495418,11.90474271774292,940,
1,grid_dfs,reactive_dfs,100,False,0,0,0.04069852828979492,100.00002408027649,1205,"Failed to reach goal (reached 23/23 waypoints, dist=123)"
1,grid_dfs,potential_field,100,False,0,0,0.044735158793628216,5.252302169799805,404,"Failed to reach goal (reached 0/1 waypoints, dist=86)"
1,grid_dfs,greedy,100,False,0,0,0.0312044620513916,100.00005006790161,506,"Failed to reach goal (reached 23/23 waypoints, dist=103)"
1,grid_dfs,dwa,100,False,0,0,0.14128840068588033,9.465514898300171,731,"Failed to reach goal (reached 0/10 waypoints, dist=44)"
1,astar,reactive_bfs,100,False,0,0,0.05699944496154785,100.00001978874207,186,"Failed to reach goal (reached 12/12 waypoints, dist=158)"
1,astar,reactive_dfs,100,False,0,0,0.06610774993896484,25.31840682029724,2000,"Failed to reach goal (reached 1/12 waypoints, dist=128)"
1,astar,potential_field,100,False,0,0,0.05677533149719238,100.0000422000885,84,"Failed to reach goal (reached 12/12 waypoints, dist=154)"
1,astar,greedy,100,False,0,0,0.057015180587768555,25.302634954452515,2000,"Failed to reach goal (reached 6/12 waypoints, dist=122)"
1,astar,dwa,100,True,343,98,0.05699443817138672,4.334569215774536,342,
1,dijkstra,reactive_bfs,100,False,0,0,13.916541101352777,100.00003671646118,447,"Failed to reach goal (reached 8/8 waypoints, dist=75)"
1,dijkstra,reactive_dfs,100,False,0,0,6.949290752410889,25.247519493103027,2000,"Failed to reach goal (reached 1/10 waypoints, dist=122)"
1,dijkstra,potential_field,100,True,444,46,13.23085788579192,11.964261054992676,442,
1,dijkstra,greedy,100,False,0,0,6.919747829437256,100.00001978874207,1355,"Failed to reach goal (reached 10/10 waypoints, dist=144)"
1,dijkstra,dwa,100,True,381,102,14.069205680163577,11.907920122146606,379,
1,grid_bfs,reactive_bfs,200,False,0,0,0.07256833871360868,100.00000548362732,322,"Failed to reach goal (reached 11/11 waypoints, dist=130)"
1,grid_bfs,reactive_dfs,200,False,0,0,0.05462908744812012,100.00001931190491,1471,"Failed to reach goal (reached 10/10 waypoints, dist=139)"
1,grid_bfs,potential_field,200,True,461,69,0.07254536880645901,6.0024940967559814,459,
1,grid_bfs,greedy,200,True,473,110,0.04542851448059082,6.02369499206543,472,
1,grid_bfs,dwa,200,True,438,135,0.06113911367719993,5.674185276031494,436,
1,grid_dfs,reactive_bfs,200,False,0,0,0.031456708908081055,100.00001740455627,287,"Failed to reach goal (reached 23/23 waypoints, dist=141)"
1,grid_dfs,reactive_dfs,200,False,0,0,0.031246423721313477,100.00003385543823,1276,"Failed to reach goal (reached 23/23 waypoints, dist=132)"
1,grid_dfs,potential_field,200,False,0,0,0.04480362171307206,5.402037143707275,412,"Failed to reach goal (reached 0/1 waypoints, dist=86)"
1,grid_dfs,greedy,200,False,0,0,0.031098365783691406,100.00005316734314,1782,"Failed to reach goal (reached 23/23 waypoints, dist=138)"
1,grid_dfs,dwa,200,False,0,0,0.05081996216904372,100.00001430511475,368,"Failed to reach goal (reached 17/17 waypoints, dist=114)"
1,astar,reactive_bfs,200,False,0,0,0.05734872817993164,100.00002145767212,49,"Failed to reach goal (reached 12/12 waypoints, dist=145)"
1,astar,reactive_dfs,200,False,0,0,0.0569148063659668,100.00002574920654,444,"Failed to reach goal (reached 12/12 waypoints, dist=134)"
1,astar,potential_field,200,False,0,0,0.057004451751708984,100.00004053115845,103,"Failed to reach goal (reached 12/12 waypoints, dist=149)"
1,astar,greedy,200,False,0,0,0.05708956718444824,100.0000684261322,1439,"Failed to reach goal (reached 12/12 waypoints, dist=121)"
1,astar,dwa,200,True,461,114,0.08909543533809483,5.9527082443237305,459,
1,dijkstra,reactive_bfs,200,True,547,192,20.95652967802016,21.14883780479431,544,
1,dijkstra,reactive_dfs,200,False,0,0,7.083963394165039,100.00002074241638,1389,"Failed to reach goal (reached 10/10 waypoints, dist=135)"
1,dijkstra,potential_field,200,False,0,0,13.336566124577075,100.00004291534424,419,"Failed to reach goal (reached 7/7 waypoints, dist=51)"
1,dijkstra,greedy,200,False,0,0,7.070318222045898,100.00006246566772,443,"Failed to reach goal (reached 10/10 waypoints, dist=81)"
1,dijkstra,dwa,200,False,0,0,14.030673212429974,100.00006604194641,345,"Failed to reach goal (reached 8/8 waypoints, dist=49)"
2,grid_bfs,reactive_bfs,0,True,321,126,0.032853126525878906,6.467367172241211,320,
2,grid_bfs,reactive_dfs,0,False,0,0,0.03273129463195801,40.51535606384277,2000,"Failed to reach goal (reached 1/10 waypoints, dist=113)"
2,grid_bfs,potential_field,0,True,309,80,0.055892348289489746,6.247497797012329,307,
2,grid_bfs,greedy,0,False,0,0,0.03288722038269043,40.43572974205017,2000,"Failed to reach goal (reached 2/10 waypoints, dist=116)"
2,grid_bfs,dwa,0,True,205,27,0.03275299072265625,4.140944242477417,204,
2,grid_dfs,reactive_bfs,0,True,365,145,0.024676799774169922,7.403805255889893,364,
2,grid_dfs,reactive_dfs,0,False,0,0,0.02464437484741211,40.38866972923279,2000,"Failed to reach goal (reached 1/10 waypoints, dist=113)"
2,grid_dfs,potential_field,0,True,323,81,0.0385911192279309,6.5700390338897705,321,
2,grid_dfs,greedy,0,False,0,0,0.024721860885620117,40.44546175003052,2000,"Failed to reach goal (reached 2/10 waypoints, dist=110)"
2,grid_dfs,dwa,0,True,225,44,0.02455902099609375,4.564188718795776,224,
2,astar,reactive_bfs,0,True,319,142,0.04129385948181152,6.431877136230469,318,
2,astar,reactive_dfs,0,False,0,0,0.04127025604248047,40.70553636550903,2000,"Failed to reach goal (reached 1/10 waypoints, dist=113)"
2,astar,potential_field,0,True,309,80,0.048362253641244024,6.273838043212891,307,
2,astar,greedy,0,False,0,0,0.04112863540649414,40.446892738342285,2000,"Failed to reach goal (reached 2/10 waypoints, dist=116)"
2,astar,dwa,0,True,205,40,0.05185556411743164,4.08231520652771,204,
2,dijkstra,reactive_bfs,0,True,317,122,3.332987070083618,6.385081052780151,316,
2,dijkstra,reactive_dfs,0,False,0,0,3.433624029159546,40.367921113967896,2000,"Failed to reach goal (reached 1/10 waypoints, dist=113)"
2,dijkstra,potential_field,0,True,309,80,6.389566423371434,9.244087934494019,307,
2,dijkstra,greedy,0,False,0,0,3.426290512084961,40.41288113594055,2000,"Failed to reach goal (reached 2/10 waypoints, dist=116)"
2,dijkstra,dwa,0,True,204,41,3.3487818241119385,4.077371835708618,203,
2,grid_bfs,reactive_bfs,50,False,0,0,0.03274989128112793,100.00002932548523,248,"Failed to reach goal (reached 10/10 waypoints, dist=55)"
2,grid_bfs,reactive_dfs,50,False,0,0,0.03285074234008789,100.00002074241638,442,"Failed to reach goal (reached 10/10 waypoints, dist=113)"
2,grid_bfs,potential_field,50,True,316,84,0.04511778958840296,6.440719127655029,314,
2,grid_bfs,greedy,50,True,1400,1168,0.03271055221557617,28.375683546066284,1399,
2,grid_bfs,dwa,50,True,237,47,0.03287911415100098,4.7965309619903564,236,
2,grid_dfs,reactive_bfs,50,False,0,0,0.02470707893371582,100.00001454353333,373,"Failed to reach goal (reached 10/10 waypoints, dist=20)"
2,grid_dfs,reactive_dfs,50,False,0,0,0.02474069595336914,40.66199851036072,2000,"Failed to reach goal (reached 1/10 waypoints, dist=113)"
2,grid_dfs,potential_field,50,True,322,82,0.0380939765018411,6.546337604522705,320,
2,grid_dfs,greedy,50,True,1211,968,0.024652957916259766,24.524689435958862,1210,
2,grid_dfs,dwa,50,True,224,42,0.02463817596435547,4.560850381851196,223,
2,astar,reactive_bfs,50,True,363,131,0.04131627082824707,7.3848817348480225,362,
2,astar,reactive_dfs,50,False,0,0,0.05177426338195801,100.00003719329834,1001,"Failed to reach goal (reached 10/10 waypoints, dist=119)"
2,astar,potential_field,50,True,309,80,0.048145979875698686,6.286592483520508,307,
2,astar,greedy,50,True,879,663,0.041512489318847656,17.836344242095947,878,
2,astar,dwa,50,True,207,48,0.04137873649597168,4.1767897605896,206,
2,dijkstra,reactive_bfs,50,True,384,182,3.359553337097168,7.812273025512695,383,
2,dijkstra,reactive_dfs,50,False,0,0,3.4335720539093018,100.00000429153442,83,"Failed to reach goal (reached 10/10 waypoints, dist=116)"
2,dijkstra,potential_field,50,True,317,90,6.386623093276285,9.434453248977661,315,
2,dijkstra,greedy,50,False,0,0,3.3892738819122314,40.54158544540405,2000,"Failed to reach goal (reached 2/10 waypoints, dist=116)"
2,dijkstra,dwa,50,True,211,46,3.448089361190796,4.279075384140015,210,
2,grid_bfs,reactive_bfs,100,False,0,0,0.03286314010620117,100.00004243850708,259,"Failed to reach goal (reached 10/10 waypoints, dist=52)"
2,grid_bfs,reactive_dfs,100,False,0,0,0.03280234336853027,41.001222133636475,2000,"Failed to reach goal (reached 1/10 waypoints, dist=119)"
2,grid_bfs,potential_field,100,True,309,84,0.04515339946374297,6.3310019969940186,307,
2,grid_bfs,greedy,100,True,628,403,0.04324030876159668,12.708070755004883,627,
2,grid_bfs,dwa,100,True,219,53,0.03279232978820801,4.436146974563599,218,
2,grid_dfs,reactive_bfs,100,False,0,0,0.02468252182006836,100.00001525878906,154,"Failed to reach goal (reached 10/10 waypoints, dist=131)"
2,grid_dfs,reactive_dfs,100,False,0,0,0.0246279239654541,100.0000524520874,980,"Failed to reach goal (reached 10/10 waypoints, dist=116)"
2,grid_dfs,potential_field,100,True,327,83,0.03828922985121608,6.679128646850586,325,
2,grid_dfs,greedy,100,False,0,0,0.024683237075805664,100.00002551078796,62,"Failed to reach goal (reached 10/10 waypoints, dist=131)"
2,grid_dfs,dwa,100,True,264,78,0.024762392044067383,5.392348289489746,263,
2,astar,reactive_bfs,100,False,0,0,0.04117846488952637,100.00001430511475,291,"Failed to reach goal (reached 10/10 waypoints, dist=37)"
2,astar,reactive_dfs,100,False,0,0,0.04141521453857422,100.00002145767212,1010,"Failed to reach goal (reached 10/10 waypoints, dist=115)"
2,astar,potential_field,100,True,309,80,0.048343546921387315,6.339807033538818,307,
2,astar,greedy,100,True,1275,1060,0.0413966178894043,26.044942140579224,1274,
2,astar,dwa,100,True,216,57,0.04114341735839844,4.4005067348480225,215,
2,dijkstra,reactive_bfs,100,False,0,0,3.4383950233459473,100.00001192092896,175,"Failed to reach goal (reached 10/10 waypoints, dist=110)"
2,dijkstra,reactive_dfs,100,False,0,0,3.391730546951294,100.00000500679016,554,"Failed to reach goal (reached 10/10 waypoints, dist=115)"
2,dijkstra,potential_field,100,True,317,82,3.4379446506500244,6.473307132720947,316,
2,dijkstra,greedy,100,True,743,527,3.4069035053253174,15.168550491333008,742,
2,dijkstra,dwa,100,True,204,51,3.4317209720611572,4.160515546798706,203,
2,grid_bfs,reactive_bfs,200,True,383,186,0.03266000747680664,7.936642646789551,382,
2,grid_bfs,reactive_dfs,200,False,0,0,0.03523516654968262,100.00002193450928,674,"Failed to reach goal (reached 10/10 waypoints, dist=120)"
2,grid_bfs,potential_field,200,True,318,86,0.045243695261888206,6.604785203933716,316,
2,grid_bfs,greedy,200,True,399,174,0.04394125938415527,8.244110822677612,398,
2,grid_bfs,dwa,200,False,0,0,0.03278923034667969,100.00000882148743,222,"Failed to reach goal (reached 10/10 waypoints, dist=28)"
2,grid_dfs,reactive_bfs,200,False,0,0,0.024736881256103516,100.00000429153442,128,"Failed to reach goal (reached 10/10 waypoints, dist=133)"
2,grid_dfs,reactive_dfs,200,False,0,0,0.024636268615722656,100.00002121925354,330,"Failed to reach goal (reached 10/10 waypoints, dist=120)"
2,grid_dfs,potential_field,200,True,325,83,0.03834936558268964,6.737086296081543,323,
2,grid_dfs,greedy,200,True,445,203,0.024736881256103516,9.174500703811646,444,
2,grid_dfs,dwa,200,False,0,0,0.05218389356741682,100.00005221366882,241,"Failed to reach goal (reached 9/9 waypoints, dist=74)"
2,astar,reactive_bfs,200,False,0,0,0.051941633224487305,100.00002098083496,60,"Failed to reach goal (reached 10/10 waypoints, dist=133)"
2,astar,reactive_dfs,200,False,0,0,0.04152512550354004,100.0000352859497,941,"Failed to reach goal (reached 10/10 waypoints, dist=125)"
2,astar,potential_field,200,True,401,135,0.04834563913755119,8.314207553863525,399,
2,astar,greedy,200,False,0,0,0.041529178619384766,100.00000810623169,671,"Failed to reach goal (reached 10/10 waypoints, dist=36)"
2,astar,dwa,200,True,261,104,0.04123663902282715,5.37917160987854,260,
2,dijkstra,reactive_bfs,200,True,352,160,3.434558629989624,7.2723000049591064,351,
2,dijkstra,reactive_dfs,200,False,0,0,3.3832614421844482,100.00000619888306,248,"Failed to reach goal (reached 10/10 waypoints, dist=116)"
2,dijkstra,potential_field,200,True,309,90,6.363437793799676,9.508040428161621,307,
2,dijkstra,greedy,200,True,370,160,3.4454503059387207,7.630764007568359,369,
2,dijkstra,dwa,200,False,0,0,3.3895046710968018,100.00001788139343,59,"Failed to reach goal (reached 10/10 waypoints, dist=132)"
3,grid_bfs,reactive_bfs,0,True,241,38,0.04965043067932129,2.2335729598999023,240,
3,grid_bfs,reactive_dfs,0,False,0,0,0.049397945404052734,18.811302661895752,2000,"Failed to reach goal (reached 1/5 waypoints, dist=233)"
3,grid_bfs,potential_field,0,True,237,21,0.0579683780670166,2.193373203277588,236,
3,grid_bfs,greedy,0,True,248,27,0.04950451850891113,2.292717218399048,247,
3,grid_bfs,dwa,0,True,211,19,0.049390554428100586,1.9609036445617676,210,
3,grid_dfs,reactive_bfs,0,True,245,20,0.022093534469604492,2.268871307373047,244,
3,grid_dfs,reactive_dfs,0,False,0,0,0.021926164627075195,18.58734369277954,2000,"Failed to reach goal (reached 1/4 waypoints, dist=233)"
3,grid_dfs,potential_field,0,True,241,7,0.0219724178314209,2.2650599479675293,240,
3,grid_dfs,greedy,0,True,244,18,0.021826744079589844,2.2500085830688477,243,
3,grid_dfs,dwa,0,True,233,16,0.030864238739013672,2.1708903312683105,232,
3,astar,reactive_bfs,0,True,247,37,0.08201217651367188,2.287295341491699,246,
3,astar,reactive_dfs,0,False,0,0,0.08177661895751953,18.674830436706543,2000,"Failed to reach goal (reached 1/5 waypoints, dist=233)"
3,astar,potential_field,0,True,235,6,0.09139752388000488,2.2031331062316895,234,
3,astar,greedy,0,True,242,17,0.08178377151489258,2.2368619441986084,241,
3,astar,dwa,0,True,219,21,0.08159685134887695,2.031153917312622,218,
3,dijkstra,reactive_bfs,0,True,239,40,8.646859884262085,2.2055931091308594,238,
3,dijkstra,reactive_dfs,0,False,0,0,8.734593152999878,18.763274669647217,2000,"Failed to reach goal (reached 1/5 waypoints, dist=233)"
3,dijkstra,potential_field,0,True,237,21,8.694887161254883,2.215846538543701,236,
3,dijkstra,greedy,0,True,248,27,8.820625066757202,2.287421703338623,247,
3,dijkstra,dwa,0,True,211,19,8.647788047790527,1.9613358974456787,210,
3,grid_bfs,reactive_bfs,50,True,273,68,0.04967951774597168,2.5714948177337646,272,
3,grid_bfs,reactive_dfs,50,False,0,0,0.058808088302612305,18.999786853790283,2000,"Failed to reach goal (reached 1/5 waypoints, dist=233)"
3,grid_bfs,potential_field,50,True,237,21,0.04964256286621094,2.24833083152771,236,
3,grid_bfs,greedy,50,True,256,44,0.04952359199523926,2.389960765838623,255,
3,grid_bfs,dwa,50,True,211,19,0.058691978454589844,1.9808177947998047,210,
3,grid_dfs,reactive_bfs,50,True,255,39,0.02187490463256836,2.4123799800872803,254,
3,grid_dfs,reactive_dfs,50,False,0,0,0.02186870574951172,18.905366897583008,2000,"Failed to reach goal (reached 1/4 waypoints, dist=223)"
3,grid_dfs,potential_field,50,True,241,7,0.02187347412109375,2.273585557937622,240,
3,grid_dfs,greedy,50,False,0,0,0.0219419002532959,100.00001859664917,188,"Failed to reach goal (reached 4/4 waypoints, dist=72)"
3,grid_dfs,dwa,50,True,233,20,0.022078990936279297,2.1930835247039795,232,
3,astar,reactive_bfs,50,True,259,60,0.08173203468322754,2.4334163665771484,258,
3,astar,reactive_dfs,50,False,0,0,0.0819251537322998,18.825010538101196,2000,"Failed to reach goal (reached 1/5 waypoints, dist=231)"
3,astar,potential_field,50,True,237,8,0.08183097839355469,2.241156816482544,236,
3,astar,greedy,50,True,252,31,0.08242440223693848,2.3492372035980225,251,
3,astar,dwa,50,True,232,43,0.09065413475036621,2.175753593444824,231,
3,dijkstra,reactive_bfs,50,True,243,47,8.65164065361023,2.2838902473449707,242,
3,dijkstra,reactive_dfs,50,False,0,0,8.599663734436035,19.01917576789856,2000,"Failed to reach goal (reached 1/5 waypoints, dist=229)"
3,dijkstra,potential_field,50,True,237,21,8.839564800262451,2.2492854595184326,236,
3,dijkstra,greedy,50,True,250,32,8.63691520690918,2.332406997680664,249,
3,dijkstra,dwa,50,True,239,39,8.681151866912842,2.247422695159912,238,
3,grid_bfs,reactive_bfs,100,True,267,66,0.04964447021484375,2.5393173694610596,266,
3,grid_bfs,reactive_dfs,100,False,0,0,0.04956626892089844,100.00001430511475,1526,"Failed to reach goal (reached 5/5 waypoints, dist=219)"
3,grid_bfs,potential_field,100,False,0,0,0.04967784881591797,100.00001835823059,160,"Failed to reach goal (reached 5/5 waypoints, dist=79)"
3,grid_bfs,greedy,100,False,0,0,0.05871891975402832,100.00002193450928,64,"Failed to reach goal (reached 5/5 waypoints, dist=172)"
3,grid_bfs,dwa,100,True,212,29,0.049570322036743164,2.0368990898132324,211,
3,grid_dfs,reactive_bfs,100,True,275,57,0.021854400634765625,2.621793508529663,274,
3,grid_dfs,reactive_dfs,100,False,0,0,0.02187061309814453,19.130423545837402,2000,"Failed to reach goal (reached 1/4 waypoints, dist=231)"
3,grid_dfs,potential_field,100,True,241,9,0.021907329559326172,2.3170166015625,240,
3,grid_dfs,greedy,100,True,279,63,0.0218355655670166,2.6422557830810547,278,
3,grid_dfs,dwa,100,True,257,62,0.021874427795410156,2.452920436859131,256,
3,astar,reactive_bfs,100,True,269,68,0.08163022994995117,2.565264940261841,268,
3,astar,reactive_dfs,100,False,0,0,0.08222436904907227,100.00002837181091,679,"Failed to reach goal (reached 5/5 waypoints, dist=223)"
3,astar,potential_field,100,True,237,8,0.08186745643615723,2.272286891937256,236,
3,astar,greedy,100,False,0,0,0.09034895896911621,100.00005984306335,248,"Failed to reach goal (reached 5/5 waypoints, dist=10)"
3,astar,dwa,100,False,0,0,0.08198142051696777,100.00005030632019,193,"Failed to reach goal (reached 5/5 waypoints, dist=38)"
3,dijkstra,reactive_bfs,100,True,257,58,8.534584760665894,2.4810585975646973,256,
3,dijkstra,reactive_dfs,100,False,0,0,8.797298431396484,19.2195143699646,2000,"Failed to reach goal (reached 1/5 waypoints, dist=233)"
3,dijkstra,potential_field,100,True,237,25,8.788001537322998,2.271496295928955,236,
3,dijkstra,greedy,100,False,0,0,8.749428749084473,100.00006198883057,179,"Failed to reach goal (reached 5/5 waypoints, dist=113)"
3,dijkstra,dwa,100,True,211,31,8.868527173995972,2.007411003112793,210,
3,grid_bfs,reactive_bfs,200,False,0,0,0.04948711395263672,100.00002717971802,10,"Failed to reach goal (reached 5/5 waypoints, dist=219)"
3,grid_bfs,reactive_dfs,200,False,0,0,0.049681663513183594,100.00004196166992,260,"Failed to reach goal (reached 5/5 waypoints, dist=231)"
3,grid_bfs,potential_field,200,True,231,25,0.05859088897705078,2.2768166065216064,230,
3,grid_bfs,greedy,200,True,267,49,0.04939889907836914,2.594486713409424,266,
3,grid_bfs,dwa,200,True,228,49,0.04930996894836426,2.2359697818756104,227,
3,grid_dfs,reactive_bfs,200,False,0,0,0.02195906639099121,100.00001502037048,165,"Failed to reach goal (reached 4/4 waypoints, dist=114)"
3,grid_dfs,reactive_dfs,200,False,0,0,0.021841764450073242,100.0000307559967,259,"Failed to reach goal (reached 4/4 waypoints, dist=240)"
3,grid_dfs,potential_field,200,True,288,17,0.024588988220784813,2.8460588455200195,286,
3,grid_dfs,greedy,200,False,0,0,0.02181386947631836,100.00002121925354,125,"Failed to reach goal (reached 4/4 waypoints, dist=118)"
3,grid_dfs,dwa,200,False,0,0,0.02207350730895996,100.00005960464478,238,"Failed to reach goal (reached 4/4 waypoints, dist=32)"
3,astar,reactive_bfs,200,False,0,0,0.08179831504821777,100.0000114440918,43,"Failed to reach goal (reached 5/5 waypoints, dist=199)"
3,astar,reactive_dfs,200,False,0,0,0.08196663856506348,19.704774856567383,2000,"Failed to reach goal (reached 1/5 waypoints, dist=238)"
3,astar,potential_field,200,True,238,14,0.0911111831665039,2.3668017387390137,237,
3,astar,greedy,200,True,258,32,0.08173346519470215,2.5160117149353027,257,
3,astar,dwa,200,True,292,70,0.09462522913236171,2.8687856197357178,290,
3,dijkstra,reactive_bfs,200,True,280,86,8.795156478881836,2.7382824420928955,279,
3,dijkstra,reactive_dfs,200,False,0,0,8.74097752571106,100.00004196166992,1273,"Failed to reach goal (reached 5/5 waypoints, dist=206)"
3,dijkstra,potential_field,200,False,0,0,8.752411842346191,100.00005388259888,163,"Failed to reach goal (reached 5/5 waypoints, dist=108)"
3,dijkstra,greedy,200,False,0,0,8.81555700302124,100.00002908706665,31,"Failed to reach goal (reached 5/5 waypoints, dist=211)"
3,dijkstra,dwa,200,True,248,99,8.763122797012329,2.43017578125,247,
4,grid_bfs,reactive_bfs,0,True,180,71,0.04782891273498535,3.2887606620788574,179,
4,grid_bfs,reactive_dfs,0,False,0,0,0.04851675033569336,36.74858379364014,2000,"Failed to reach goal (reached 1/6 waypoints, dist=70)"
4,grid_bfs,potential_field,0,True,204,51,0.03898262977600098,3.7274155616760254,203,
4,grid_bfs,greedy,0,True,187,28,0.03870820999145508,3.386129140853882,186,
4,grid_bfs,dwa,0,True,108,15,0.038687705993652344,1.9528601169586182,107,
4,grid_dfs,reactive_bfs,0,False,0,0,0.0227813720703125,36.64236783981323,2000,"Failed to reach goal (reached 4/10 waypoints, dist=36)"
4,grid_dfs,reactive_dfs,0,False,0,0,0.027910274046007544,36.73775768280029,2000,"Failed to reach goal (reached 1/10 waypoints, dist=70)"
4,grid_dfs,potential_field,0,False,0,0,0.022935152053833008,36.944960594177246,2000,"Failed to reach goal (reached 2/10 waypoints, dist=70)"
4,grid_dfs,greedy,0,False,0,0,0.022850513458251953,36.606717348098755,2000,"Failed to reach goal (reached 4/10 waypoints, dist=35)"
4,grid_dfs,dwa,0,False,0,0,0.022827863693237305,36.74189782142639,2000,"Failed to reach goal (reached 4/10 waypoints, dist=34)"
4,astar,reactive_bfs,0,True,182,93,0.049745798110961914,3.338038921356201,181,
4,astar,reactive_dfs,0,False,0,0,0.04993295669555664,36.72138428688049,2000,"Failed to reach goal (reached 1/6 waypoints, dist=70)"
4,astar,potential_field,0,True,204,49,0.04958820343017578,3.697876214981079,203,
4,astar,greedy,0,True,187,26,0.0494234561920166,3.386319398880005,186,
4,astar,dwa,0,True,108,13,0.0497133731842041,1.948068380355835,107,
4,dijkstra,reactive_bfs,0,True,182,77,4.688459396362305,3.3119919300079346,181,
4,dijkstra,reactive_dfs,0,False,0,0,4.634488582611084,36.622416734695435,2000,"Failed to reach goal (reached 1/6 waypoints, dist=70)"
4,dijkstra,potential_field,0,True,204,51,4.637779951095581,3.7296433448791504,203,
4,dijkstra,greedy,0,True,187,28,4.705713748931885,3.3954765796661377,186,
4,dijkstra,dwa,0,True,108,15,4.626699209213257,1.958646297454834,107,
4,grid_bfs,reactive_bfs,50,False,0,0,0.03893399238586426,100.00002646446228,94,"Failed to reach goal (reached 6/6 waypoints, dist=47)"
4,grid_bfs,reactive_dfs,50,False,0,0,0.038831233978271484,36.98260736465454,2000,"Failed to reach goal (reached 1/6 waypoints, dist=64)"
4,grid_bfs,potential_field,50,True,204,52,0.04935002326965332,3.7358288764953613,203,
4,grid_bfs,greedy,50,True,192,34,0.03879666328430176,3.5104973316192627,191,
4,grid_bfs,dwa,50,True,109,19,0.03879404067993164,1.983199119567871,108,
4,grid_dfs,reactive_bfs,50,False,0,0,0.0226900577545166,100.00003027915955,1400,"Failed to reach goal (reached 10/10 waypoints, dist=35)"
4,grid_dfs,reactive_dfs,50,False,0,0,0.028050819819327444,100.0000479221344,170,"Failed to reach goal (reached 10/10 waypoints, dist=72)"
4,grid_dfs,potential_field,50,False,0,0,0.033197879791259766,36.77275228500366,2000,"Failed to reach goal (reached 2/10 waypoints, dist=70)"
4,grid_dfs,greedy,50,False,0,0,0.0227658748626709,100.00003552436829,1988,"Failed to reach goal (reached 10/10 waypoints, dist=35)"
4,grid_dfs,dwa,50,False,0,0,0.04952757997671142,13.316269636154175,716,"Failed to reach goal (reached 0/11 waypoints, dist=103)"
4,astar,reactive_bfs,50,True,191,95,0.049620628356933594,3.509357213973999,190,
4,astar,reactive_dfs,50,False,0,0,0.04946279525756836,100.00000810623169,1507,"Failed to reach goal (reached 6/6 waypoints, dist=71)"
4,astar,potential_field,50,True,204,51,0.04965782165527344,3.7453064918518066,203,
4,astar,greedy,50,True,187,28,0.04959869384765625,3.4214706420898438,186,
4,astar,dwa,50,True,108,13,0.04963803291320801,1.9707341194152832,107,
4,dijkstra,reactive_bfs,50,True,186,80,4.698329448699951,3.427018404006958,185,
4,dijkstra,reactive_dfs,50,False,0,0,4.694647789001465,100.00001955032349,1356,"Failed to reach goal (reached 6/6 waypoints, dist=70)"
4,dijkstra,potential_field,50,True,206,49,4.622192621231079,3.8000688552856445,205,
4,dijkstra,greedy,50,True,193,36,4.66046929359436,3.5195891857147217,192,
4,dijkstra,dwa,50,True,114,20,4.632988214492798,2.0868210792541504,113,
4,grid_bfs,reactive_bfs,100,True,184,81,0.03890728950500488,3.4016923904418945,183,
4,grid_bfs,reactive_dfs,100,False,0,0,0.03887343406677246,100.00001525878906,415,"Failed to reach goal (reached 6/6 waypoints, dist=63)"
4,grid_bfs,potential_field,100,True,204,51,0.049141883850097656,3.779099464416504,203,
4,grid_bfs,greedy,100,True,189,34,0.03906750679016113,3.4699854850769043,188,
4,grid_bfs,dwa,100,True,114,32,0.03892683982849121,2.0917906761169434,113,
4,grid_dfs,reactive_bfs,100,False,0,0,0.022803544998168945,100.000004529953,927,"Failed to reach goal (reached 10/10 waypoints, dist=35)"
4,grid_dfs,reactive_dfs,100,False,0,0,0.03926983801648021,37.168782234191895,2000,"Failed to reach goal (reached 1/11 waypoints, dist=87)"
4,grid_dfs,potential_field,100,False,0,0,0.033128976821899414,100.00004386901855,73,"Failed to reach goal (reached 10/10 waypoints, dist=75)"
4,grid_dfs,greedy,100,False,0,0,0.0229952335357666,100.00002360343933,452,"Failed to reach goal (reached 10/10 waypoints, dist=36)"
4,grid_dfs,dwa,100,False,0,0,0.022673368453979492,100.00007438659668,169,"Failed to reach goal (reached 10/10 waypoints, dist=32)"
4,astar,reactive_bfs,100,False,0,0,0.04948854446411133,100.00004243850708,181,"Failed to reach goal (reached 6/6 waypoints, dist=11)"
4,astar,reactive_dfs,100,False,0,0,0.07317218335811049,37.29391050338745,2000,"Failed to reach goal (reached 1/5 waypoints, dist=99)"
4,astar,potential_field,100,True,204,49,0.06011152267456055,3.755354642868042,203,
4,astar,greedy,100,True,187,26,0.049608707427978516,3.429664373397827,186,
4,astar,dwa,100,True,155,36,0.049711559782736,2.8452019691467285,153,
4,dijkstra,reactive_bfs,100,True,186,87,4.670703172683716,3.438748359680176,185,
4,dijkstra,reactive_dfs,100,False,0,0,4.695280075073242,100.00001406669617,210,"Failed to reach goal (reached 6/6 waypoints, dist=70)"
4,dijkstra,potential_field,100,True,202,50,4.648591041564941,3.7401645183563232,201,
4,dijkstra,greedy,100,True,205,42,4.615323781967163,3.8169939517974854,204,
4,dijkstra,dwa,100,True,108,15,4.637465238571167,1.986009120941162,107,
4,grid_bfs,reactive_bfs,200,True,197,73,0.0390315055847168,3.698699712753296,196,
4,grid_bfs,reactive_dfs,200,False,0,0,0.03885674476623535,100.00002360343933,6,"Failed to reach goal (reached 6/6 waypoints, dist=54)"
4,grid_bfs,potential_field,200,True,232,77,0.049190521240234375,4.35959267616272,231,
4,grid_bfs,greedy,200,True,220,61,0.04120302200317383,4.108484983444214,219,
4,grid_bfs,dwa,200,False,0,0,0.03875231742858887,100.00001311302185,110,"Failed to reach goal (reached 6/6 waypoints, dist=25)"
4,grid_dfs,reactive_bfs,200,False,0,0,0.022846460342407227,100.00000882148743,234,"Failed to reach goal (reached 10/10 waypoints, dist=55)"
4,grid_dfs,reactive_dfs,200,False,0,0,0.02806353208143264,100.00001287460327,451,"Failed to reach goal (reached 10/10 waypoints, dist=67)"
4,grid_dfs,potential_field,200,False,0,0,0.033737897872924805,100.00003337860107,167,"Failed to reach goal (reached 10/10 waypoints, dist=71)"
4,grid_dfs,greedy,200,False,0,0,0.022830724716186523,100.0000205039978,1179,"Failed to reach goal (reached 10/10 waypoints, dist=35)"
4,grid_dfs,dwa,200,False,0,0,0.02280902862548828,100.000009059906,76,"Failed to reach goal (reached 10/10 waypoints, dist=54)"
4,astar,reactive_bfs,200,True,194,90,0.04981279373168945,3.6276750564575195,193,
4,astar,reactive_dfs,200,False,0,0,0.04941821098327637,37.695563554763794,2000,"Failed to reach goal (reached 1/6 waypoints, dist=64)"
4,astar,potential_field,200,True,210,55,0.05989837646484375,3.9311110973358154,209,
4,astar,greedy,200,True,229,75,0.04974842071533203,4.255977630615234,228,
4,astar,dwa,200,True,189,69,0.08267708751372993,3.5629806518554688,187,
4,dijkstra,reactive_bfs,200,False,0,0,4.65664005279541,100.00000929832458,49,"Failed to reach goal (reached 6/6 waypoints, dist=50)"
4,dijkstra,reactive_dfs,200,False,0,0,8.988820543978363,100.00000953674316,686,"Failed to reach goal (reached 6/6 waypoints, dist=92)"
4,dijkstra,potential_field,200,True,208,55,4.652505159378052,3.8935294151306152,207,
4,dijkstra,greedy,200,False,0,0,4.660327911376953,100.00001645088196,119,"Failed to reach goal (reached 6/6 waypoints, dist=46)"
4,dijkstra,dwa,200,True,122,21,4.649880886077881,2.272814989089966,121,
5,grid_bfs,reactive_bfs,0,True,225,87,0.04244565963745117,4.392751216888428,224,
5,grid_bfs,reactive_dfs,0,False,0,0,0.04238772392272949,38.71707773208618,2000,"Failed to reach goal (reached 1/6 waypoints, dist=195)"
5,grid_bfs,potential_field,0,True,235,9,0.0670430107275024,4.611298322677612,233,
5,grid_bfs,greedy,0,False,0,0,0.04250979423522949,39.17037487030029,2000,"Failed to reach goal (reached 1/6 waypoints, dist=164)"
5,grid_bfs,dwa,0,True,153,21,0.042608022689819336,2.968675374984741,152,
5,grid_dfs,reactive_bfs,0,True,347,87,0.06353367678821087,6.79502010345459,345,
5,grid_dfs,reactive_dfs,0,False,0,0,0.04000401496887207,38.87449932098389,2000,"Failed to reach goal (reached 1/4 waypoints, dist=195)"
5,grid_dfs,potential_field,0,True,275,8,0.056245067389681935,5.380587100982666,273,
5,grid_dfs,greedy,0,False,0,0,0.05035710334777832,39.06286907196045,2000,"Failed to reach goal (reached 1/4 waypoints, dist=164)"
5,grid_dfs,dwa,0,True,460,44,0.11202493705786765,9.056021690368652,456,
5,astar,reactive_bfs,0,True,225,76,0.03684735298156738,4.364077568054199,224,
5,astar,reactive_dfs,0,False,0,0,0.02580404281616211,39.03428053855896,2000,"Failed to reach goal (reached 1/6 waypoints, dist=195)"
5,astar,potential_field,0,True,235,10,0.032357673975639045,4.586687803268433,233,
5,astar,greedy,0,False,0,0,0.025783300399780273,38.95780158042908,2000,"Failed to reach goal (reached 1/6 waypoints, dist=164)"
5,astar,dwa,0,True,152,20,0.025825977325439453,2.9522616863250732,151,
5,dijkstra,reactive_bfs,0,True,223,66,4.556074857711792,4.361270189285278,222,
5,dijkstra,reactive_dfs,0,False,0,0,4.483814239501953,39.193583965301514,2000,"Failed to reach goal (reached 1/6 waypoints, dist=195)"
5,dijkstra,potential_field,0,True,235,9,9.060102911142167,9.119734048843384,233,
5,dijkstra,greedy,0,False,0,0,4.56430196762085,39.07103681564331,2000,"Failed to reach goal (reached 1/6 waypoints, dist=164)"
5,dijkstra,dwa,0,True,153,21,4.47724986076355,2.9686989784240723,152,
5,grid_bfs,reactive_bfs,50,True,248,107,0.04242253303527832,4.837579011917114,247,
5,grid_bfs,reactive_dfs,50,False,0,0,0.04236006736755371,39.26359176635742,2000,"Failed to reach goal (reached 1/6 waypoints, dist=201)"
5,grid_bfs,potential_field,50,True,235,11,0.07748009101487696,4.6386778354644775,233,
5,grid_bfs,greedy,50,False,0,0,0.04253792762756348,39.25117373466492,2000,"Failed to reach goal (reached 1/6 waypoints, dist=164)"
5,grid_bfs,dwa,50,True,162,34,0.052771806716918945,3.1736602783203125,161,
5,grid_dfs,reactive_bfs,50,True,357,94,0.06393982673762366,7.041871070861816,355,
5,grid_dfs,reactive_dfs,50,False,0,0,0.0400545597076416,39.240673303604126,2000,"Failed to reach goal (reached 1/4 waypoints, dist=207)"
5,grid_dfs,potential_field,50,True,275,8,0.05623648699838668,5.430048704147339,273,
5,grid_dfs,greedy,50,False,0,0,0.04007887840270996,39.315677881240845,2000,"Failed to reach goal (reached 2/4 waypoints, dist=50)"
5,grid_dfs,dwa,50,True,471,66,0.11115231894655153,9.322183847427368,467,
5,astar,reactive_bfs,50,True,235,76,0.0257418155670166,4.621841192245483,234,
5,astar,reactive_dfs,50,False,0,0,0.02575087547302246,39.27488160133362,2000,"Failed to reach goal (reached 1/6 waypoints, dist=195)"
5,astar,potential_field,50,True,235,10,0.03229613124858588,4.613078594207764,233,
5,astar,greedy,50,True,567,355,0.025653839111328125,11.087059259414673,566,
5,astar,dwa,50,True,187,24,0.04324550018645823,3.682072877883911,185,
5,dijkstra,reactive_bfs,50,True,258,83,8.197607839014381,8.87000560760498,256,
5,dijkstra,reactive_dfs,50,False,0,0,4.491899490356445,100.00003910064697,1588,"Failed to reach goal (reached 6/6 waypoints, dist=191)"
5,dijkstra,potential_field,50,True,235,9,9.076797499903478,9.127410173416138,233,
5,dijkstra,greedy,50,True,1698,1486,4.559282541275024,33.31848740577698,1697,
5,dijkstra,dwa,50,True,206,31,7.813848546065856,7.368622064590454,204,
5,grid_bfs,reactive_bfs,100,False,0,0,0.042581796646118164,100.00003719329834,234,"Failed to reach goal (reached 6/6 waypoints, dist=15)"
5,grid_bfs,reactive_dfs,100,False,0,0,0.042749881744384766,39.47995042800903,2000,"Failed to reach goal (reached 1/6 waypoints, dist=196)"
5,grid_bfs,potential_field,100,True,235,11,0.07792555773630738,4.649869203567505,233,
5,grid_bfs,greedy,100,False,0,0,0.04239797592163086,100.0000216960907,558,"Failed to reach goal (reached 6/6 waypoints, dist=164)"
5,grid_bfs,dwa,100,True,155,31,0.05338144302368164,3.0392258167266846,154,
5,grid_dfs,reactive_bfs,100,False,0,0,0.0638990672887303,100.00002098083496,381,"Failed to reach goal (reached 4/4 waypoints, dist=5)"
5,grid_dfs,reactive_dfs,100,False,0,0,0.040033578872680664,39.547078371047974,2000,"Failed to reach goal (reached 1/4 waypoints, dist=203)"
5,grid_dfs,potential_field,100,True,275,8,0.05603674828307703,5.439364910125732,273,
5,grid_dfs,greedy,100,True,511,247,0.040053367614746094,10.048941373825073,510,
5,grid_dfs,dwa,100,True,478,69,0.11098233266966417,9.501652240753174,474,
5,astar,reactive_bfs,100,True,241,88,0.02568221092224121,4.7482781410217285,240,
5,astar,reactive_dfs,100,False,0,0,0.025699377059936523,39.54605054855347,2000,"Failed to reach goal (reached 1/6 waypoints, dist=200)"
5,astar,potential_field,100,True,237,14,0.03218183951685205,4.691164255142212,235,
5,astar,greedy,100,False,0,0,0.03630876541137695,100.0000638961792,1167,"Failed to reach goal (reached 6/6 waypoints, dist=163)"
5,astar,dwa,100,True,154,28,0.025806903839111328,3.021576404571533,153,
5,dijkstra,reactive_bfs,100,True,227,93,4.413488149642944,4.4828667640686035,226,
5,dijkstra,reactive_dfs,100,False,0,0,4.484974145889282,100.00004506111145,946,"Failed to reach goal (reached 6/6 waypoints, dist=191)"
5,dijkstra,potential_field,100,True,237,11,9.086062694666907,9.16590690612793,235,
5,dijkstra,greedy,100,True,248,41,4.5091025829315186,4.891862392425537,247,
5,dijkstra,dwa,100,True,153,30,4.53616738319397,3.0128543376922607,152,
5,grid_bfs,reactive_bfs,200,True,256,113,0.04333090782165527,5.113816976547241,255,
5,grid_bfs,reactive_dfs,200,False,0,0,0.04253864288330078,100.00002884864807,1720,"Failed to reach goal (reached 6/6 waypoints, dist=202)"
5,grid_bfs,potential_field,200,True,223,13,0.04249715805053711,4.453948974609375,222,
5,grid_bfs,greedy,200,False,0,0,0.04254865646362305,100.00006246566772,277,"Failed to reach goal (reached 6/6 waypoints, dist=164)"
5,grid_bfs,dwa,200,True,158,30,0.0482701490400359,3.1465702056884766,156,
5,grid_dfs,reactive_bfs,200,False,0,0,0.050445556640625,100.00003266334534,65,"Failed to reach goal (reached 4/4 waypoints, dist=178)"
5,grid_dfs,reactive_dfs,200,False,0,0,0.04014420509338379,100.00002408027649,892,"Failed to reach goal (reached 4/4 waypoints, dist=189)"
5,grid_dfs,potential_field,200,True,277,8,0.05614082148531452,5.553415775299072,275,
5,grid_dfs,greedy,200,False,0,0,0.0400087833404541,100.00003814697266,1504,"Failed to reach goal (reached 4/4 waypoints, dist=50)"
5,grid_dfs,dwa,200,True,300,66,0.06373970775166526,6.005844593048096,298,
5,astar,reactive_bfs,200,True,247,99,0.025962114334106445,4.935797214508057,246,
5,astar,reactive_dfs,200,False,0,0,0.025801897048950195,40.103885889053345,2000,"Failed to reach goal (reached 1/6 waypoints, dist=216)"
5,astar,potential_field,200,True,244,22,0.03221680014394224,4.877798080444336,242,
5,astar,greedy,200,True,243,54,0.02583146095275879,4.8363447189331055,242,
5,astar,dwa,200,True,168,52,0.025715351104736328,3.3407442569732666,167,
5,dijkstra,reactive_bfs,200,True,260,96,4.550130367279053,5.204922914505005,259,
5,dijkstra,reactive_dfs,200,False,0,0,4.510267496109009,100.00002360343933,854,"Failed to reach goal (reached 6/6 waypoints, dist=199)"
5,dijkstra,potential_field,200,True,237,15,8.974280807131436,9.236730813980103,235,
5,dijkstra,greedy,200,False,0,0,4.5485217571258545,100.00002717971802,64,"Failed to reach goal (reached 6/6 waypoints, dist=164)"
5,dijkstra,dwa,200,True,213,46,8.985740251548123,8.754954099655151,211,
6,grid_bfs,reactive_bfs,0,True,223,74,0.05257081985473633,1.6971080303192139,222,
6,grid_bfs,reactive_dfs,0,False,0,0,0.05235552787780762,15.012688875198364,2000,"Failed to reach goal (reached 1/6 waypoints, dist=227)"
6,grid_bfs,potential_field,0,True,219,10,0.05252861976623535,1.6601557731628418,218,
6,grid_bfs,greedy,0,True,222,21,0.06287741661071777,1.6410768032073975,221,
6,grid_bfs,dwa,0,True,161,15,0.05231332778930664,1.2009437084197998,160,
6,grid_dfs,reactive_bfs,0,False,0,0,0.09659517154796049,6.865724325180054,893,"Failed to reach goal (reached 0/10 waypoints, dist=140)"
6,grid_dfs,reactive_dfs,0,False,0,0,0.04169344902038574,15.022673606872559,2000,"Failed to reach goal (reached 1/13 waypoints, dist=227)"
6,grid_dfs,potential_field,0,False,0,0,0.10625335579970852,6.588094472885132,856,"Failed to reach goal (reached 0/10 waypoints, dist=140)"
6,grid_dfs,greedy,0,False,0,0,0.041565656661987305,15.036072492599487,2000,"Failed to reach goal (reached 4/13 waypoints, dist=122)"
6,grid_dfs,dwa,0,False,0,0,0.09686617268016562,5.310447692871094,692,"Failed to reach goal (reached 0/10 waypoints, dist=140)"
6,astar,reactive_bfs,0,True,223,51,0.047727108001708984,1.696204662322998,222,
6,astar,reactive_dfs,0,False,0,0,0.05729532241821289,15.052889347076416,2000,"Failed to reach goal (reached 1/6 waypoints, dist=227)"
6,astar,potential_field,0,True,221,14,0.0468597412109375,1.6742777824401855,220,
6,astar,greedy,0,True,226,22,0.04677319526672363,1.687056541442871,225,
6,astar,dwa,0,True,241,33,0.07356733473716304,1.8378257751464844,239,
6,dijkstra,reactive_bfs,0,True,227,73,9.950206756591797,1.7159712314605713,226,
6,dijkstra,reactive_dfs,0,False,0,0,9.9596688747406,15.07448148727417,2000,"Failed to reach goal (reached 1/6 waypoints, dist=227)"
6,dijkstra,potential_field,0,True,219,10,9.916677236557007,1.6567635536193848,218,
6,dijkstra,greedy,0,True,222,21,9.85460376739502,1.6454229354858398,221,
6,dijkstra,dwa,0,True,161,15,10.014391660690308,1.2078039646148682,160,
6,grid_bfs,reactive_bfs,50,True,223,70,0.0524446964263916,1.7006549835205078,222,
6,grid_bfs,reactive_dfs,50,False,0,0,0.052732229232788086,100.00001120567322,1248,"Failed to reach goal (reached 6/6 waypoints, dist=223)"
6,grid_bfs,potential_field,50,True,219,10,0.06144094467163086,1.6816034317016602,218,
6,grid_bfs,greedy,50,True,232,33,0.052321672439575195,1.7640020847320557,231,
6,grid_bfs,dwa,50,True,166,24,0.05233049392700195,1.2646782398223877,165,
6,grid_dfs,reactive_bfs,50,False,0,0,0.05541887285653502,100.00003147125244,451,"Failed to reach goal (reached 10/10 waypoints, dist=124)"
6,grid_dfs,reactive_dfs,50,False,0,0,0.051303863525390625,15.333104372024536,2000,"Failed to reach goal (reached 1/13 waypoints, dist=229)"
6,grid_dfs,potential_field,50,False,0,0,0.0965511305257678,6.718379497528076,856,"Failed to reach goal (reached 0/10 waypoints, dist=140)"
6,grid_dfs,greedy,50,False,0,0,0.04159808158874512,15.27821397781372,2000,"Failed to reach goal (reached 4/13 waypoints, dist=122)"
6,grid_dfs,dwa,50,False,0,0,0.09672012738883495,5.42012882232666,694,"Failed to reach goal (reached 0/10 waypoints, dist=140)"
6,astar,reactive_bfs,50,True,242,71,0.04669666290283203,1.8607749938964844,241,
6,astar,reactive_dfs,50,False,0,0,0.0468602180480957,15.28410005569458,2000,"Failed to reach goal (reached 1/6 waypoints, dist=227)"
6,astar,potential_field,50,True,221,18,0.04732227325439453,1.7020323276519775,220,
6,astar,greedy,50,True,232,32,0.04688692092895508,1.7545418739318848,231,
6,astar,dwa,50,True,241,33,0.08272089477395639,1.870495319366455,239,
6,dijkstra,reactive_bfs,50,True,227,76,9.833632946014404,1.7498340606689453,226,
6,dijkstra,reactive_dfs,50,False,0,0,9.896482229232788,15.28519082069397,2000,"Failed to reach goal (reached 1/6 waypoints, dist=217)"
6,dijkstra,potential_field,50,True,219,12,9.928902387619019,1.691603422164917,218,
6,dijkstra,greedy,50,True,251,43,10.008662223815918,1.9046635627746582,250,
6,dijkstra,dwa,50,True,161,19,9.914205551147461,1.2285079956054688,160,
6,grid_bfs,reactive_bfs,100,True,240,71,0.052791595458984375,1.8633928298950195,239,
6,grid_bfs,reactive_dfs,100,False,0,0,0.06141829490661621,100.00002241134644,1764,"Failed to reach goal (reached 6/6 waypoints, dist=223)"
6,grid_bfs,potential_field,100,True,219,14,0.052587270736694336,1.7154321670532227,218,
6,grid_bfs,greedy,100,True,241,50,0.052457571029663086,1.8562610149383545,240,
6,grid_bfs,dwa,100,False,0,0,0.05243873596191406,100.0000524520874,55,"Failed to reach goal (reached 6/6 waypoints, dist=137)"
6,grid_dfs,reactive_bfs,100,False,0,0,0.07886905019404367,100.00003838539124,540,"Failed to reach goal (reached 10/10 waypoints, dist=140)"
6,grid_dfs,reactive_dfs,100,False,0,0,0.04251360893249512,15.566452980041504,2000,"Failed to reach goal (reached 1/13 waypoints, dist=217)"
6,grid_dfs,potential_field,100,False,0,0,0.09704168181633577,6.923572063446045,870,"Failed to reach goal (reached 0/10 waypoints, dist=140)"
6,grid_dfs,greedy,100,False,0,0,0.04236173629760742,100.00004959106445,378,"Failed to reach goal (reached 13/13 waypoints, dist=120)"
6,grid_dfs,dwa,100,False,0,0,0.0418856143951416,100.00007200241089,168,"Failed to reach goal (reached 13/13 waypoints, dist=124)"
6,astar,reactive_bfs,100,True,251,89,0.04707074165344238,1.9553520679473877,250,
6,astar,reactive_dfs,100,False,0,0,0.047284603118896484,15.550894260406494,2000,"Failed to reach goal (reached 1/6 waypoints, dist=227)"
6,astar,potential_field,100,True,221,18,0.055802106857299805,1.7309982776641846,220,
6,astar,greedy,100,True,236,44,0.04966592788696289,1.8265635967254639,235,
6,astar,dwa,100,True,178,33,0.04679989814758301,1.3821980953216553,177,
6,dijkstra,reactive_bfs,100,True,240,77,9.855339765548706,1.8665292263031006,239,
6,dijkstra,reactive_dfs,100,False,0,0,10.020799160003662,100.00001120567322,673,"Failed to reach goal (reached 6/6 waypoints, dist=224)"
6,dijkstra,potential_field,100,True,219,14,9.936096906661987,1.7051823139190674,218,
6,dijkstra,greedy,100,True,235,42,9.967572927474976,1.8104791641235352,234,
6,dijkstra,dwa,100,True,164,35,10.047011852264404,1.268024206161499,163,
6,grid_bfs,reactive_bfs,200,True,258,106,0.05272054672241211,2.0658085346221924,257,
6,grid_bfs,reactive_dfs,200,False,0,0,0.052562713623046875,16.048194408416748,2000,"Failed to reach goal (reached 1/6 waypoints, dist=205)"
6,grid_bfs,potential_field,200,True,219,16,0.052703142166137695,1.770024061203003,218,
6,grid_bfs,greedy,200,True,249,68,0.05255413055419922,1.9918212890625,248,
6,grid_bfs,dwa,200,False,0,0,0.052461862564086914,100.00001955032349,108,"Failed to reach goal (reached 6/6 waypoints, dist=73)"
6,grid_dfs,reactive_bfs,200,True,896,364,0.05547500780085102,7.28000020980835,894,
6,grid_dfs,reactive_dfs,200,False,0,0,0.05092930793762207,16.036096334457397,2000,"Failed to reach goal (reached 1/13 waypoints, dist=227)"
6,grid_dfs,potential_field,200,True,826,197,0.05543760774889961,6.70746922492981,824,
6,grid_dfs,greedy,200,False,0,0,0.04170656204223633,100.00004267692566,374,"Failed to reach goal (reached 13/13 waypoints, dist=121)"
6,grid_dfs,dwa,200,False,0,0,0.09681076579727232,5.891739130020142,721,"Failed to reach goal (reached 0/10 waypoints, dist=140)"
6,astar,reactive_bfs,200,True,251,90,0.05658125877380371,2.011916399002075,250,
6,astar,reactive_dfs,200,False,0,0,0.046894073486328125,100.00001430511475,1081,"Failed to reach goal (reached 6/6 waypoints, dist=236)"
6,astar,potential_field,200,True,227,26,0.04687333106994629,1.8341064453125,226,
6,astar,greedy,200,True,262,62,0.04698538780212402,2.0770959854125977,261,
6,astar,dwa,200,True,187,42,0.05627870559692383,1.4894680976867676,186,
6,dijkstra,reactive_bfs,200,False,0,0,9.81527042388916,100.00002861022949,92,"Failed to reach goal (reached 6/6 waypoints, dist=147)"
6,dijkstra,reactive_dfs,200,False,0,0,9.928835391998291,100.00001692771912,755,"Failed to reach goal (reached 6/6 waypoints, dist=214)"
6,dijkstra,potential_field,200,True,226,17,9.981280088424683,1.82084321975708,225,
6,dijkstra,greedy,200,False,0,0,10.025879383087158,100.00004529953003,216,"Failed to reach goal (reached 6/6 waypoints, dist=26)"
6,dijkstra,dwa,200,True,165,39,9.970171451568604,1.3164222240447998,164,
7,grid_bfs,reactive_bfs,0,True,184,47,0.04664468765258789,3.130580425262451,183,
7,grid_bfs,reactive_dfs,0,False,0,0,0.05802948819473386,34.11306715011597,2000,"Failed to reach goal (reached 1/7 waypoints, dist=196)"
7,grid_bfs,potential_field,0,True,205,14,0.04734887304948643,3.4926185607910156,203,
7,grid_bfs,greedy,0,False,0,0,0.03802156448364258,34.07852005958557,2000,"Failed to reach goal (reached 4/6 waypoints, dist=55)"
7,grid_bfs,dwa,0,True,174,31,0.047853002208285034,2.9528822898864746,172,
7,grid_dfs,reactive_bfs,0,True,268,68,0.03072071075439453,4.571717977523804,267,
7,grid_dfs,reactive_dfs,0,False,0,0,0.04384208872215822,34.27188730239868,2000,"Failed to reach goal (reached 1/9 waypoints, dist=196)"
7,grid_dfs,potential_field,0,True,254,18,0.03075885772705078,4.321796417236328,253,
7,grid_dfs,greedy,0,True,263,27,0.030833005905151367,4.456839084625244,262,
7,grid_dfs,dwa,0,True,220,38,0.030750036239624023,3.7301523685455322,219,
7,astar,reactive_bfs,0,True,182,38,0.03283095359802246,3.0654282569885254,181,
7,astar,reactive_dfs,0,False,0,0,0.029697717865929008,34.17475461959839,2000,"Failed to reach goal (reached 1/6 waypoints, dist=196)"
7,astar,potential_field,0,True,178,13,0.02316904067993164,3.0177931785583496,177,
7,astar,greedy,0,True,181,13,0.02309703826904297,3.0496292114257812,180,
7,astar,dwa,0,True,146,20,0.02309131622314453,2.4715161323547363,145,
7,dijkstra,reactive_bfs,0,True,216,58,7.780224613496102,6.605510711669922,214,
7,dijkstra,reactive_dfs,0,False,0,0,9.825357276073191,38.950944900512695,2000,"Failed to reach goal (reached 1/7 waypoints, dist=196)"
7,dijkstra,potential_field,0,True,205,14,7.534841724555008,6.037427663803101,203,
7,dijkstra,greedy,0,False,0,0,4.9267988204956055,34.25371479988098,2000,"Failed to reach goal (reached 4/6 waypoints, dist=55)"
7,dijkstra,dwa,0,True,174,31,7.891467963345349,5.914291620254517,172,
7,grid_bfs,reactive_bfs,50,True,213,72,0.038137197494506836,3.6531331539154053,212,
7,grid_bfs,reactive_dfs,50,False,0,0,0.058070125931408256,100.00001406669617,119,"Failed to reach goal (reached 7/7 waypoints, dist=197)"
7,grid_bfs,potential_field,50,True,205,15,0.04750679212156683,3.513303279876709,203,
7,grid_bfs,greedy,50,False,0,0,0.048212528228759766,100.00002717971802,321,"Failed to reach goal (reached 6/6 waypoints, dist=56)"
7,grid_bfs,dwa,50,True,174,31,0.0478173170122318,2.976433038711548,172,
7,grid_dfs,reactive_bfs,50,True,266,70,0.030733346939086914,4.557550430297852,265,
7,grid_dfs,reactive_dfs,50,False,0,0,0.04397041746415198,100.00000619888306,1717,"Failed to reach goal (reached 9/9 waypoints, dist=197)"
7,grid_dfs,potential_field,50,True,254,18,0.030647754669189453,4.345688343048096,253,
7,grid_dfs,greedy,50,True,265,29,0.0410008430480957,4.511112213134766,264,
7,grid_dfs,dwa,50,True,227,52,0.030870914459228516,3.870051145553589,226,
7,astar,reactive_bfs,50,True,180,41,0.023218154907226562,3.0861666202545166,179,
7,astar,reactive_dfs,50,False,0,0,0.029863252129871398,100.0000057220459,954,"Failed to reach goal (reached 6/6 waypoints, dist=188)"
7,astar,potential_field,50,True,182,17,0.023058414459228516,3.1112165451049805,181,
7,astar,greedy,50,True,195,23,0.023035526275634766,3.3296055793762207,194,
7,astar,dwa,50,True,178,28,0.02315545082092285,3.0296521186828613,177,
7,dijkstra,reactive_bfs,50,True,198,69,4.89813232421875,3.411428213119507,197,
7,dijkstra,reactive_dfs,50,False,0,0,9.893276554299518,39.349806785583496,2000,"Failed to reach goal (reached 1/7 waypoints, dist=196)"
7,dijkstra,potential_field,50,True,206,16,7.505925081321038,6.0867531299591064,204,
7,dijkstra,greedy,50,False,0,0,4.903037786483765,100.00003576278687,1816,"Failed to reach goal (reached 6/6 waypoints, dist=55)"
7,dijkstra,dwa,50,True,181,41,7.940995548269711,6.03012490272522,179,
7,grid_bfs,reactive_bfs,100,True,224,65,0.04791972512612119,3.864185333251953,222,
7,grid_bfs,reactive_dfs,100,False,0,0,0.05821094335988164,34.586021423339844,2000,"Failed to reach goal (reached 1/7 waypoints, dist=188)"
7,grid_bfs,potential_field,100,True,205,14,0.047411846346221864,3.5478737354278564,203,
7,grid_bfs,greedy,100,False,0,0,0.0482630729675293,100.00003862380981,472,"Failed to reach goal (reached 6/6 waypoints, dist=55)"
7,grid_bfs,dwa,100,True,175,40,0.0481343271676451,3.012608051300049,173,
7,grid_dfs,reactive_bfs,100,True,272,83,0.03068685531616211,4.687338590621948,271,
7,grid_dfs,reactive_dfs,100,False,0,0,0.043792198586743325,100.00003504753113,1501,"Failed to reach goal (reached 9/9 waypoints, dist=197)"
7,grid_dfs,potential_field,100,True,262,22,0.030916452407836914,4.5215747356414795,261,
7,grid_dfs,greedy,100,True,289,57,0.04134726524353027,4.963651418685913,288,
7,grid_dfs,dwa,100,True,288,81,0.030690670013427734,4.941664218902588,287,
7,astar,reactive_bfs,100,True,189,42,0.02299642562866211,3.266739845275879,188,
7,astar,reactive_dfs,100,False,0,0,0.029767574917059392,34.596654415130615,2000,"Failed to reach goal (reached 1/6 waypoints, dist=188)"
7,astar,potential_field,100,True,178,15,0.02315688133239746,3.074130058288574,177,
7,astar,greedy,100,True,191,30,0.023181915283203125,3.2617173194885254,190,
7,astar,dwa,100,True,154,28,0.022938966751098633,2.649259567260742,153,
7,dijkstra,reactive_bfs,100,True,233,67,7.867982022697106,6.9596216678619385,231,
7,dijkstra,reactive_dfs,100,False,0,0,9.856516134052072,39.59066367149353,2000,"Failed to reach goal (reached 1/7 waypoints, dist=192)"
7,dijkstra,potential_field,100,True,210,27,7.95955967361806,6.568361759185791,208,
7,dijkstra,greedy,100,False,0,0,4.957614183425903,100.00002074241638,599,"Failed to reach goal (reached 6/6 waypoints, dist=55)"
7,dijkstra,dwa,100,True,180,41,7.940679022809491,6.0717933177948,178,
7,grid_bfs,reactive_bfs,200,True,247,90,0.04771847039228305,4.315391778945923,245,
7,grid_bfs,reactive_dfs,200,False,0,0,0.04798412322998047,100.00000858306885,1508,"Failed to reach goal (reached 6/6 waypoints, dist=198)"
7,grid_bfs,potential_field,200,True,214,19,0.047373498091474175,3.7442495822906494,212,
7,grid_bfs,greedy,200,False,0,0,0.038129568099975586,100.0000205039978,1341,"Failed to reach goal (reached 6/6 waypoints, dist=61)"
7,grid_bfs,dwa,200,True,173,49,0.047907491913065314,3.0310332775115967,171,
7,grid_dfs,reactive_bfs,200,False,0,0,0.030901670455932617,100.00003981590271,54,"Failed to reach goal (reached 9/9 waypoints, dist=141)"
7,grid_dfs,reactive_dfs,200,False,0,0,0.04387736623175442,100.00002121925354,269,"Failed to reach goal (reached 9/9 waypoints, dist=203)"
7,grid_dfs,potential_field,200,True,279,21,0.03084707260131836,4.919032573699951,278,
7,grid_dfs,greedy,200,True,308,74,0.0308074951171875,5.365877866744995,307,
7,grid_dfs,dwa,200,False,0,0,0.030803680419921875,100.0000159740448,127,"Failed to reach goal (reached 9/9 waypoints, dist=79)"
7,astar,reactive_bfs,200,True,186,40,0.022910356521606445,3.2511956691741943,185,
7,astar,reactive_dfs,200,False,0,0,0.029708749148994684,100.00003862380981,482,"Failed to reach goal (reached 6/6 waypoints, dist=193)"
7,astar,potential_field,200,True,178,17,0.02309727668762207,3.119948387145996,177,
7,astar,greedy,200,True,207,53,0.02323174476623535,3.596646547317505,206,
7,astar,dwa,200,True,189,56,0.033586554578505456,3.2989954948425293,187,
7,dijkstra,reactive_bfs,200,False,0,0,4.901513338088989,100.00004029273987,88,"Failed to reach goal (reached 6/6 waypoints, dist=100)"
7,dijkstra,reactive_dfs,200,False,0,0,9.908928288146853,100.00001049041748,985,"Failed to reach goal (reached 7/7 waypoints, dist=188)"
7,dijkstra,potential_field,200,True,209,17,7.511119812785182,6.213906764984131,207,
7,dijkstra,greedy,200,False,0,0,4.936553716659546,100.00002932548523,1180,"Failed to reach goal (reached 6/6 waypoints, dist=55)"
7,dijkstra,dwa,200,False,0,0,4.956031084060669,100.00003695487976,93,"Failed to reach goal (reached 6/6 waypoints, dist=89)"
